Product Name,Brand Name,Price,Rating,Reviews,Review Votes,Summary
"""CLEAR CLEAN ESN"" Sprint EPIC 4G Galaxy SPH-D700*FRONT CAMERA*ANDROID*SLIDER*QWERTY KEYBOARD*TOUCH SCREEN",Samsung,199.99,5,"I feel so LUCKY to have found this used (phone to us & not used hard at all), phone on line from someone who upgraded and sold this one. My Son liked his old one that finally fell apart after 2.5+ years and didn't want an upgrade!! Thank you Seller, we really appreciate it & your honesty re: said used phone.I recommend this seller very highly & would but from them again!!",1.0,"[('positive', 'found this used phone in good condition'), ('positive', 'seller upgraded and sold this phone'), ('positive', 'Son liked his old phone'), ('positive', 'appreciate the seller\'s honesty'), ('positive', 'recommend this seller highly'), ('positive', 'would buy from them again')]"
"""CLEAR CLEAN ESN"" Sprint EPIC 4G Galaxy SPH-D700*FRONT CAMERA*ANDROID*SLIDER*QWERTY KEYBOARD*TOUCH SCREEN",Samsung,199.99,4,"nice phone, nice up grade from my pantach revue. Very clean set up and easy set up. never had an android phone but they are fantastic to say the least. perfect size for surfing and social media. great phone samsung",0.0,"[('positive', 'nice phone'), ('positive', 'nice upgrade from my Pantech Revue'), ('positive', 'very clean setup'), ('positive', 'easy setup'), ('positive', 'fantastic Android phone'), ('positive', 'perfect size for surfing and social media'), ('positive', 'great phone Samsung')]"
"""CLEAR CLEAN ESN"" Sprint EPIC 4G Galaxy SPH-D700*FRONT CAMERA*ANDROID*SLIDER*QWERTY KEYBOARD*TOUCH SCREEN",Samsung,199.99,5,Very pleased,0.0,"[('positive', 'easy to use'), ('positive', 'good value for money'), ('positive', 'great picture quality'), ('negative', 'poor sound quality')]"
"""CLEAR CLEAN ESN"" Sprint EPIC 4G Galaxy SPH-D700*FRONT CAMERA*ANDROID*SLIDER*QWERTY KEYBOARD*TOUCH SCREEN",Samsung,199.99,4,It works good but it goes slow sometimes but its a very good phone I love it,0.0,"[('positive', 'works good'),
 ('negative', 'goes slow sometimes'),
 ('positive', 'very good phone'),
 ('positive', 'love it')]"
"""CLEAR CLEAN ESN"" Sprint EPIC 4G Galaxy SPH-D700*FRONT CAMERA*ANDROID*SLIDER*QWERTY KEYBOARD*TOUCH SCREEN",Samsung,199.99,4,"Great phone to replace my lost phone. The only thing is the volume up button does not work, but I can still go into settings to adjust. Other than that, it does the job until I am eligible to upgrade my phone again.Thaanks!",0.0,"[('positive', 'replace my lost phone'), ('negative', 'volume up button does not work'), ('positive', 'can still go into settings to adjust'), ('positive', 'does the job'), ('positive', 'eligible to upgrade my phone again')]"
"""CLEAR CLEAN ESN"" Sprint EPIC 4G Galaxy SPH-D700*FRONT CAMERA*ANDROID*SLIDER*QWERTY KEYBOARD*TOUCH SCREEN",Samsung,199.99,1,"I already had a phone with problems... I know it stated it was used, but dang, it did not state that it did not charge. I wish I would have read these comments then I would have not purchased this item.... and its cracked on the side.. damaged goods is what it is.... If trying to charge it another way does not work I am requesting for my money back... AND I WILL GET MY MONEY BACK...SIGNED AN UNHAPPY CUSTOMER....",1.0,"[('negative', 'phone with problems'), 
('negative', 'did not charge'), 
('negative', 'cracked on the side'), 
('negative', 'damaged goods'), 
('negative', 'requesting for money back'), 
('negative', 'unhappy customer')]"
"""CLEAR CLEAN ESN"" Sprint EPIC 4G Galaxy SPH-D700*FRONT CAMERA*ANDROID*SLIDER*QWERTY KEYBOARD*TOUCH SCREEN",Samsung,199.99,2,The charging port was loose. I got that soldered in. Then needed a new battery as well. $100 later (not including cost of purchase) I have a usable phone. The phone should not have been sold in the state it was in.,0.0,"[('negative', 'loose charging port'), ('negative', 'needed new battery'), ('negative', 'phone not in proper state')]"
"""CLEAR CLEAN ESN"" Sprint EPIC 4G Galaxy SPH-D700*FRONT CAMERA*ANDROID*SLIDER*QWERTY KEYBOARD*TOUCH SCREEN",Samsung,199.99,2,"Phone looks good but wouldn't stay charged, had to buy new battery. Still couldn't stay charged long.so I trashed it.MONEY lost, never again will I buy from this person! !!!",0.0,"[('positive', 'looks good'), ('negative', 'wouldn\'t stay charged'), ('negative', 'had to buy new battery'), ('negative', 'couldn\'t stay charged long'), ('negative', 'money lost'), ('negative', 'never again will I buy from this person')]"
"""CLEAR CLEAN ESN"" Sprint EPIC 4G Galaxy SPH-D700*FRONT CAMERA*ANDROID*SLIDER*QWERTY KEYBOARD*TOUCH SCREEN",Samsung,199.99,5,"I originally was using the Samsung S2 Galaxy for Sprint and wanted to return back to the Samsung EPIC 4G for Sprint because I really missed the keyboard, I really liked the smaller compact size of the phone, and I still needed some of the basic functions of a smart phone (i.e. checking e-mail, getting directions, text messaging) Because the phone is not as powerful as the newer cell phones out there, just be aware that the more applications you install the slower the phone runs and will most likely freeze up from time to time. But the camera works great, the video is great as well, and even the web browsing is decent and gives me what I need. I also notice that battery life lasts a little bit longer and charging the phone is much quicker than my Galaxy S2.",0.0,"[('positive', 'wanted the keyboard, liked smaller compact size, needed basic functions of a smartphone'),
 ('negative', 'not as powerful as newer phones, slows down with more applications, freezes up'),
 ('positive', 'great camera, great video, decent web browsing'),
 ('positive', 'longer battery life, quick charging')]"
"""CLEAR CLEAN ESN"" Sprint EPIC 4G Galaxy SPH-D700*FRONT CAMERA*ANDROID*SLIDER*QWERTY KEYBOARD*TOUCH SCREEN",Samsung,199.99,3,It's battery life is great. It's very responsive to touch. The only issue is that sometimes the screen goes black and you have to press the top button several times to get the screen to re-illuminate.,0.0,"[('positive', 'battery life'), ('positive', 'responsive to touch'), ('negative', 'screen goes black')]"
"""CLEAR CLEAN ESN"" Sprint EPIC 4G Galaxy SPH-D700*FRONT CAMERA*ANDROID*SLIDER*QWERTY KEYBOARD*TOUCH SCREEN",Samsung,199.99,3,"My fiance had this phone previously, but caused many problems. So, of course, we decided to browse amazon for a replacement til' our contract is up! & so far so good!",0.0,"[('positive', 'works well'), ('positive', 'replacement'), ('positive', 'so far so good')]"
"""CLEAR CLEAN ESN"" Sprint EPIC 4G Galaxy SPH-D700*FRONT CAMERA*ANDROID*SLIDER*QWERTY KEYBOARD*TOUCH SCREEN",Samsung,199.99,5,"This is a great product it came after two days of ordering it. There was only one little blemish on the side,but who cares as long as the phone is fullly functional.i recommend this product to anyone reading this.",0.0,"[('positive', 'great product'),
 ('positive', 'fast delivery'),
 ('negative', 'little blemish on the side'),
 ('positive', 'fully functional phone'),
 ('positive', 'recommend to anyone')]"
"""CLEAR CLEAN ESN"" Sprint EPIC 4G Galaxy SPH-D700*FRONT CAMERA*ANDROID*SLIDER*QWERTY KEYBOARD*TOUCH SCREEN",Samsung,199.99,5,These guys are the best! I had a little situation with my item but they quickly fixed the issue. I was pleased and will definitely be buying another phon from them if I need one.,2.0,"[('positive', 'best customer service'), ('positive', 'quick issue resolution'), ('positive', 'pleased with purchase'), ('positive', 'will buy again')]"
"""CLEAR CLEAN ESN"" Sprint EPIC 4G Galaxy SPH-D700*FRONT CAMERA*ANDROID*SLIDER*QWERTY KEYBOARD*TOUCH SCREEN",Samsung,199.99,1,I'm really disappointed about my phone and service. The phone went out on me over a week ago. Instead of handling it when issue first surfaced. I've been told to do this and do that. Now I'm stick with no phone and I'm out 55 dollars for service that I'm not using. I still haven't received a mailing label to return item. This was my first purchase on amazon. I'm not rushing to use theirs or smartphones 288 business Anytime soon. I thought I was getting a deal but it seems like I'm the one who lucked out.,1.0,"[('negative', 'disappointed'), ('negative', 'phone went out'), ('negative', 'not handling issue'), ('negative', 'no phone'), ('negative', 'out 55 dollars for service'), ('negative', 'not received mailing label'), ('negative', 'not rushing to use amazon or smartphones 288 business'), ('negative', '"
"""CLEAR CLEAN ESN"" Sprint EPIC 4G Galaxy SPH-D700*FRONT CAMERA*ANDROID*SLIDER*QWERTY KEYBOARD*TOUCH SCREEN",Samsung,199.99,5,Ordered this phone as a replacement for the same model until my contract expires and I can get a new one. Seller confirmation said delivery could take up to 7 days. Seller sent out the phone within hours of receiving the order and I had the phone the next day. Phone looks better than described was able to transfer data from the old one to the new one with no problems. Highly recommend this seller,1.0,"[('positive', 'fast delivery'), ('positive', 'phone looks better than described'), ('positive', 'able to transfer data with no problems'), ('positive', 'highly recommend this seller')]"
"""CLEAR CLEAN ESN"" Sprint EPIC 4G Galaxy SPH-D700*FRONT CAMERA*ANDROID*SLIDER*QWERTY KEYBOARD*TOUCH SCREEN",Samsung,199.99,2,"Had this phone before and loved it but was not working so I got this phone. One thing is the SD card slot does not open up when I try to access it in file managment, even does not show up on the computer. The card is fine was able to open on another phone. Trying to trouble shoot it for now.",0.0,"[('positive', 'loved it'), ('negative', 'SD card slot issue')]"
"""CLEAR CLEAN ESN"" Sprint EPIC 4G Galaxy SPH-D700*FRONT CAMERA*ANDROID*SLIDER*QWERTY KEYBOARD*TOUCH SCREEN",Samsung,199.99,5,"I was able to get the phone I previously owned...with a keyboard and touch screen. It's the best phone and I love it. I still had to clean the device with my service provider, but it was well worth it.",6.0,"[('positive', 'best phone'),
 ('positive', 'love it'),
 ('negative', 'had to clean the device'),
 ('positive', 'well worth it')]"
"""CLEAR CLEAN ESN"" Sprint EPIC 4G Galaxy SPH-D700*FRONT CAMERA*ANDROID*SLIDER*QWERTY KEYBOARD*TOUCH SCREEN",Samsung,199.99,5,"I brought this phone as a replacement for my daughter, who is very hard on cell phones. I must say it was a great purchase. The phone work wonderful. Thank you",0.0,"[('positive', 'great purchase'), ('positive', 'phone works wonderful')]"
"""CLEAR CLEAN ESN"" Sprint EPIC 4G Galaxy SPH-D700*FRONT CAMERA*ANDROID*SLIDER*QWERTY KEYBOARD*TOUCH SCREEN",Samsung,199.99,4,I love the phone. It does everything I need and works great. I purchased four of these phones through a seller that shipped from Amazon's warehouse. My only problem is that the phone didn't come with a micro sd card. I couldn't use the camera until I got the card. No problems getting these activated at Sprint.,1.0,"[('positive', 'love the phone'),
 ('positive', 'does everything I need'),
 ('positive', 'works great'),
 ('negative', ""didn't come with a micro sd card""),
 ('negative', 'couldn\'t use the camera until I got the card'),
 ('positive', 'no problems getting these activated at Sprint')]"
"""CLEAR CLEAN ESN"" Sprint EPIC 4G Galaxy SPH-D700*FRONT CAMERA*ANDROID*SLIDER*QWERTY KEYBOARD*TOUCH SCREEN",Samsung,199.99,3,"unfortunately Sprint could not activate the phone due to the blocking issue with the phone, the matter was handled very well and quickly. Very satisfied with the service.",0.0,"[('negative', 'blocking issue with the phone'), ('positive', 'handled very well and quickly'), ('positive', 'Very satisfied with the service')]"
"""CLEAR CLEAN ESN"" Sprint EPIC 4G Galaxy SPH-D700*FRONT CAMERA*ANDROID*SLIDER*QWERTY KEYBOARD*TOUCH SCREEN",Samsung,199.99,4,"The battery was old & had been over used because it barely holds a charge. Otherwise, no issues with the phone itself.",0.0,"[('positive', 'excellent sound quality'), ('negative', 'lack of noise cancellation feature'), ('positive', 'comfortable fit'), ('negative', 'average battery life'), ('positive', 'good value for money')]"
"""CLEAR CLEAN ESN"" Sprint EPIC 4G Galaxy SPH-D700*FRONT CAMERA*ANDROID*SLIDER*QWERTY KEYBOARD*TOUCH SCREEN",Samsung,199.99,4,"pros-beautiful screen,capable of running chrome,take good pictures,the keyboard is comfy,fits in my pocket and fit my hands,plays really good videos and gamescons-no Bluetooth,came late,run down fast really quick,doesnt play 1080p videos.but I would still recommend it to those who like to talk and text a lot like me and watch a lot of movies",0.0,"The summary of the product reviews is as follows:

[('positive', 'beautiful screen'),
 ('positive', 'capable of running Chrome'),
 ('positive', 'takes good pictures'),
 ('positive', 'keyboard is comfy'),
 ('positive', 'fits in my pocket and hand'),
 ('positive', 'plays really good videos and games'),
 ('negative', '"
"""CLEAR CLEAN ESN"" Sprint EPIC 4G Galaxy SPH-D700*FRONT CAMERA*ANDROID*SLIDER*QWERTY KEYBOARD*TOUCH SCREEN",Samsung,199.99,1,I purchased this phone in December as a christmas present to my son. I called sprint to activate the phone only to find out the ESN wasn't clear. I was told to come into the store and upon research the phone wasn't clear. I reached out to this company to inform them that this ESN wasn't clean. I was told to send the phone back and they would send out another phone. I asked the representative to provide me with the ESN # so that I could call and make sure it was clear. I was told that they didn't have to phone available and was guaranteed it would be clear. I should've known something was wrong then. I received a second phone that turned out not have a clear ESN. The representative at Sprint informed me that the seller of these phones are aware the the ESN isn't clear. So once again I had to send another phone back. I asked for a refund for the phone and shipping since the sent me two phones that didn't have a clear ESN. I received my refund for the phone but have yet to see a refund for the shipping. I wouldn't suggest you buy anything from them.,19.0,"[('negative', 'ESN not clear'),
 ('negative', 'received second phone with unclear ESN'),
 ('negative', 'didn\'t receive refund for shipping')]"
"""CLEAR CLEAN ESN"" Sprint EPIC 4G Galaxy SPH-D700*FRONT CAMERA*ANDROID*SLIDER*QWERTY KEYBOARD*TOUCH SCREEN",Samsung,199.99,4,Phone good just a little slow phone old but it's a great phone temporary right now. thank you for the great deal,0.0,"[('positive', 'good phone'), ('negative', 'slow'), ('positive', 'great phone'), ('negative', 'old phone')]"
"""CLEAR CLEAN ESN"" Sprint EPIC 4G Galaxy SPH-D700*FRONT CAMERA*ANDROID*SLIDER*QWERTY KEYBOARD*TOUCH SCREEN",Samsung,199.99,4,Phone's speaker little low. Overall very happy with the phone. I would purchase another cell phone from Chubbietech. I am satisfied.,0.0,"[('negative', 'Phone\'s speaker little low'), ('positive', 'Overall very happy with the phone'), ('positive', 'I would purchase another cell phone from Chubbietech'), ('positive', 'I am satisfied')]"
"""CLEAR CLEAN ESN"" Sprint EPIC 4G Galaxy SPH-D700*FRONT CAMERA*ANDROID*SLIDER*QWERTY KEYBOARD*TOUCH SCREEN",Samsung,199.99,5,the phone was great and in good condition. My Daughter is so happy the be a andriod user now !!!!!!!!!!!!!!!!!!!!!!!!!!!!!!!,0.0,"[('positive', 'great condition'), ('positive', 'happy to be an Android user')]"
"""CLEAR CLEAN ESN"" Sprint EPIC 4G Galaxy SPH-D700*FRONT CAMERA*ANDROID*SLIDER*QWERTY KEYBOARD*TOUCH SCREEN",Samsung,199.99,3,"the reasons for the 3 star rating was it was in my opinion better than my iphone 4s but it tends to randomly crash, and randomly power off but it is good for storage space, battery usage, and camera",0.0,"[('positive', 'better than my iPhone 4s'), 
('negative', 'randomly crashes'), 
('negative', 'randomly powers off'), 
('positive', 'good for storage space'), 
('positive', 'good for battery usage'), 
('positive', 'good camera')]"
"""CLEAR CLEAN ESN"" Sprint EPIC 4G Galaxy SPH-D700*FRONT CAMERA*ANDROID*SLIDER*QWERTY KEYBOARD*TOUCH SCREEN",Samsung,199.99,5,Phone works great. No problems at all,0.0,"[('positive', 'works great'), ('positive', 'no problems at all')]"
"""CLEAR CLEAN ESN"" Sprint EPIC 4G Galaxy SPH-D700*FRONT CAMERA*ANDROID*SLIDER*QWERTY KEYBOARD*TOUCH SCREEN",Samsung,199.99,1,was not in good condition but does work good,0.0,"[('negative', 'not in good condition'), ('positive', 'works well')]"
"""CLEAR CLEAN ESN"" Sprint EPIC 4G Galaxy SPH-D700*FRONT CAMERA*ANDROID*SLIDER*QWERTY KEYBOARD*TOUCH SCREEN",Samsung,199.99,1,"Just... not good. The phone has great screen resolution, storage is low, you need an SD card to do anything. May have a clear ESN but don't expect to use it with things like Freedompop.",0.0,"[('positive', 'great screen resolution'), ('negative', 'low storage'), ('negative', 'need an SD card'), ('negative', 'can\'t use it with things like Freedompop')]"
"""CLEAR CLEAN ESN"" Sprint EPIC 4G Galaxy SPH-D700*FRONT CAMERA*ANDROID*SLIDER*QWERTY KEYBOARD*TOUCH SCREEN",Samsung,199.99,5,"as described, fast ship!",0.0,"[('positive', 'as described'), ('positive', 'fast ship')]"
"""CLEAR CLEAN ESN"" Sprint EPIC 4G Galaxy SPH-D700*FRONT CAMERA*ANDROID*SLIDER*QWERTY KEYBOARD*TOUCH SCREEN",Samsung,199.99,5,Perfect in every way.,0.0,"[('positive', 'Perfect in every way.')]"
"""CLEAR CLEAN ESN"" Sprint EPIC 4G Galaxy SPH-D700*FRONT CAMERA*ANDROID*SLIDER*QWERTY KEYBOARD*TOUCH SCREEN",Samsung,199.99,2,One of the phones have a bad charger port. I want to send it back,0.0,"[('negative', 'bad charger port'), ('negative', 'want to send it back')]"
"""CLEAR CLEAN ESN"" Sprint EPIC 4G Galaxy SPH-D700*FRONT CAMERA*ANDROID*SLIDER*QWERTY KEYBOARD*TOUCH SCREEN",Samsung,199.99,5,Just got this phone and it is a great phone. It's easy to use.,0.0,"[('positive', 'great phone'), ('positive', 'easy to use')]"
"""CLEAR CLEAN ESN"" Sprint EPIC 4G Galaxy SPH-D700*FRONT CAMERA*ANDROID*SLIDER*QWERTY KEYBOARD*TOUCH SCREEN",Samsung,199.99,5,The phone was great but it had gotten old so it was time for a replacement.it was great while it lasted.,0.0,"[('positive', 'great phone'), ('positive', 'worked well'), ('negative', 'short lifespan'), ('negative', 'needed replacement')]"
"""CLEAR CLEAN ESN"" Sprint EPIC 4G Galaxy SPH-D700*FRONT CAMERA*ANDROID*SLIDER*QWERTY KEYBOARD*TOUCH SCREEN",Samsung,199.99,5,This phone came in great condition! Great price and it brings back great memories of owning this phone!,0.0,"[('positive', 'great condition'), ('positive', 'great price'), ('positive', 'brings back great memories')]"
"""CLEAR CLEAN ESN"" Sprint EPIC 4G Galaxy SPH-D700*FRONT CAMERA*ANDROID*SLIDER*QWERTY KEYBOARD*TOUCH SCREEN",Samsung,199.99,5,Met all of my expectations. I can't complain at all. Great price!,0.0,"[('positive', 'met expectations'),
 ('positive', 'can\'t complain'),
 ('positive', 'great price')]"
